<?xml version="1.0" encoding="UTF-8" ?>
<!-- This is a WordPress eXtended RSS file generated by WordPress as an export of your site. -->
<!-- It contains information about your site's posts, pages, comments, categories, and other content. -->
<!-- You may use this file to transfer that content from one site to another. -->
<!-- This file is not intended to serve as a complete backup of your site. -->

<!-- To import this information into a WordPress site follow these steps: -->
<!-- 1. Log in to that site as an administrator. -->
<!-- 2. Go to Tools: Import in the WordPress admin panel. -->
<!-- 3. Install the "WordPress" importer from the list. -->
<!-- 4. Activate & Run Importer. -->
<!-- 5. Upload this file using the form provided on that page. -->
<!-- 6. You will first be asked to map the authors in this export file to users -->
<!--    on the site. For each author, you may choose to map to an -->
<!--    existing user on the site or to create a new user. -->
<!-- 7. WordPress will then import each of the posts, pages, comments, categories, etc. -->
<!--    contained in this file into your site. -->

	<!-- generator="WordPress/5.2.1" created="2019-05-30 08:21" -->
<rss version="2.0"
	xmlns:excerpt="http://wordpress.org/export/1.2/excerpt/"
	xmlns:content="http://purl.org/rss/1.0/modules/content/"
	xmlns:wfw="http://wellformedweb.org/CommentAPI/"
	xmlns:dc="http://purl.org/dc/elements/1.1/"
	xmlns:wp="http://wordpress.org/export/1.2/"
>

<channel>
	<title>Antomi</title>
	<link>http://demo.roadthemes.com/antomi</link>
	<description>Woocommerce Theme</description>
	<pubDate>Thu, 30 May 2019 08:21:54 +0000</pubDate>
	<language>en-US</language>
	<wp:wxr_version>1.2</wp:wxr_version>
	<wp:base_site_url>http://demo.roadthemes.com/antomi</wp:base_site_url>
	<wp:base_blog_url>http://demo.roadthemes.com/antomi</wp:base_blog_url>

		<wp:author><wp:author_id>1</wp:author_id><wp:author_login><![CDATA[admin]]></wp:author_login><wp:author_email><![CDATA[roadthemez@gmail.com]]></wp:author_email><wp:author_display_name><![CDATA[admin]]></wp:author_display_name><wp:author_first_name><![CDATA[Kevin]]></wp:author_first_name><wp:author_last_name><![CDATA[Sobo]]></wp:author_last_name></wp:author>

				
	<generator>https://wordpress.org/?v=5.2.1</generator>

<image>
	<url>http://roadthemes.com/api/antomi/uploads/2019/04/cropped-favicon-32x32.png</url>
	<title>Antomi</title>
	<link>http://demo.roadthemes.com/antomi</link>
	<width>32</width>
	<height>32</height>
</image> 

		<item>
		<title>Header1</title>
		<link>http://demo.roadthemes.com/antomi/templatera/header-1/</link>
		<pubDate>Tue, 02 Apr 2019 06:10:15 +0000</pubDate>
		<dc:creator><![CDATA[admin]]></dc:creator>
		<guid isPermaLink="false">http://192.168.1.209/antomi/?post_type=templatera&#038;p=917</guid>
		<description></description>
		<content:encoded><![CDATA[<p>[vc_row el_class="topbar"][vc_column el_class="topbar-left" offset="vc_col-lg-4 vc_col-md-12"][vc_column_text]Get free shipping  - Free 30 day money back guarantee[/vc_column_text][/vc_column][vc_column el_class="topbar-right" offset="vc_col-lg-8 vc_col-md-12"][vc_column_text]</p>
<ul>
<li><a href="http://demo.roadthemes.com/antomi/contact/">Store Locations</a></li>
<li><a href="#">Track Your Order</a></li>
<li>Hotline: (+800) 123 456 678</li>
<li>Quality Guarantee Of Products</li>
</ul>
<p>[/vc_column_text][/vc_column][/vc_row][vc_row equal_height="yes" css=".vc_custom_1557445099341{padding-top: 27px !important;padding-bottom: 27px !important;}" el_class="header-main"][vc_column offset="vc_col-lg-3 vc_col-md-12" el_class="column1"][roadlogo logo_image="918" logo_width="217"][/vc_column][vc_column offset="vc_col-lg-6 vc_col-md-12" el_class="column2"][roadmainmenu sticky_logoimage="296"][/vc_column][vc_column offset="vc_col-lg-3 vc_col-md-12" el_class="header-main-right column3"][roadwishlist][roadminicart][/vc_column][/vc_row][vc_row][vc_column offset="vc_col-lg-3 vc_col-md-4 vc_hidden-sm" el_class="column1"][roadcategoriesmenu categories_show_home="true"][/vc_column][vc_column offset="vc_col-lg-6 vc_col-md-8" el_class="column2"][roadproductssearch][/vc_column][vc_column offset="vc_col-lg-3 vc_col-md-12" el_class="column3"][vc_column_text el_class="header-bigsale"]<a href="#">BIG SALE BLACK FRIDAY</a>[/vc_column_text][/vc_column][/vc_row]</p>
]]></content:encoded>
		<excerpt:encoded><![CDATA[]]></excerpt:encoded>
		<wp:post_id>917</wp:post_id>
		<wp:post_date><![CDATA[2019-04-02 06:10:15]]></wp:post_date>
		<wp:post_date_gmt><![CDATA[2019-04-02 06:10:15]]></wp:post_date_gmt>
		<wp:comment_status><![CDATA[closed]]></wp:comment_status>
		<wp:ping_status><![CDATA[closed]]></wp:ping_status>
		<wp:post_name><![CDATA[header-1]]></wp:post_name>
		<wp:status><![CDATA[publish]]></wp:status>
		<wp:post_parent>0</wp:post_parent>
		<wp:menu_order>0</wp:menu_order>
		<wp:post_type><![CDATA[templatera]]></wp:post_type>
		<wp:post_password><![CDATA[]]></wp:post_password>
		<wp:is_sticky>0</wp:is_sticky>
														<wp:postmeta>
		<wp:meta_key><![CDATA[_edit_last]]></wp:meta_key>
		<wp:meta_value><![CDATA[1]]></wp:meta_value>
		</wp:postmeta>
							<wp:postmeta>
		<wp:meta_key><![CDATA[slide_template]]></wp:meta_key>
		<wp:meta_value><![CDATA[default]]></wp:meta_value>
		</wp:postmeta>
							<wp:postmeta>
		<wp:meta_key><![CDATA[_wpb_vc_js_status]]></wp:meta_key>
		<wp:meta_value><![CDATA[true]]></wp:meta_value>
		</wp:postmeta>
							<wp:postmeta>
		<wp:meta_key><![CDATA[_wpb_shortcodes_custom_css]]></wp:meta_key>
		<wp:meta_value><![CDATA[.vc_custom_1557445099341{padding-top: 27px !important;padding-bottom: 27px !important;}]]></wp:meta_value>
		</wp:postmeta>
							</item>
					<item>
		<title>Footer1</title>
		<link>http://demo.roadthemes.com/antomi/templatera/footer-1/</link>
		<pubDate>Wed, 03 Apr 2019 03:02:01 +0000</pubDate>
		<dc:creator><![CDATA[admin]]></dc:creator>
		<guid isPermaLink="false">http://192.168.1.209/antomi/?post_type=templatera&#038;p=928</guid>
		<description></description>
		<content:encoded><![CDATA[[vc_row equal_height="yes" el_class="footer-newsletter"][vc_column offset="vc_col-lg-3 vc_col-md-3"][vc_column_text]
<h3>Newsletter Sign Up</h3>
(Get <em>30% OFF</em> coupon today subscibers)[/vc_column_text][/vc_column][vc_column offset="vc_col-lg-4 vc_col-md-4"][vc_column_text]<strong>Join 2.26.000+ subscribers</strong> and get a new discount coupon on every Monday.[/vc_column_text][/vc_column][vc_column offset="vc_col-lg-5 vc_col-md-5"][roadthemes_newsletter newsletter_form_id="306"][/vc_column][/vc_row][vc_row el_class="footer-main"][vc_column width="1/2" offset="vc_col-lg-3 vc_col-md-3 vc_col-xs-6" el_class="footer-get-the-app"][roadthemes_title heading_title="GET THE APP" style="style2"][vc_column_text]<strong>ANTOMI</strong> App is now available on Google Play &amp; App Store. Get it now.[/vc_column_text][vc_single_image image="1049" img_size="full" onclick="custom_link" link="#"][vc_single_image image="1050" img_size="full" onclick="custom_link" link="#"][/vc_column][vc_column width="1/2" offset="vc_col-lg-2 vc_col-md-2 vc_col-xs-6"][roadthemes_title heading_title="INFORMATION" style="style2"][vc_wp_custommenu nav_menu="58"][/vc_column][vc_column width="1/2" offset="vc_col-lg-2 vc_col-md-2 vc_col-xs-6"][roadthemes_title heading_title="MY ACCOUNT" style="style2"][vc_wp_custommenu nav_menu="55"][/vc_column][vc_column width="1/2" offset="vc_col-lg-2 vc_col-md-2 vc_col-xs-6"][roadthemes_title heading_title="CUSTOMER SERVICE" style="style2"][vc_wp_custommenu nav_menu="59"][/vc_column][vc_column width="1/2" offset="vc_col-lg-3 vc_col-md-3 vc_col-xs-6" el_class="footer-contact"][roadthemes_title heading_title="CONTACT INFO" style="style2"][vc_column_text]
<div class="footer-contact-text">
<div class="icon"><img class="alignnone size-full wp-image-1058" src="http://roadthemes.com/api/antomi/uploads/2019/04/icon-phone.png" alt="" width="55" height="54" /></div>
<div class="text">Hotline Free 24/24:
<strong>(+800) 123 456 789</strong></div>
</div>
[/vc_column_text][vc_column_text]The Barn, Henley in Arden B578. England. Support@plazathemes.com[/vc_column_text][roadsocialicons social_title=""][/vc_column][/vc_row][vc_row full_width="stretch_row" equal_height="yes" el_class="footer-copyright"][vc_column offset="vc_col-lg-6 vc_col-md-6"][vc_column_text]Copyright © 2019 <a href="http://www.plazathemes.com/">PlazaThemes</a>. All Right Reserved.[/vc_column_text][/vc_column][vc_column offset="vc_col-lg-6 vc_col-md-6"][vc_single_image image="1051" img_size="full"][/vc_column][/vc_row]]]></content:encoded>
		<excerpt:encoded><![CDATA[]]></excerpt:encoded>
		<wp:post_id>928</wp:post_id>
		<wp:post_date><![CDATA[2019-04-03 03:02:01]]></wp:post_date>
		<wp:post_date_gmt><![CDATA[2019-04-03 03:02:01]]></wp:post_date_gmt>
		<wp:comment_status><![CDATA[closed]]></wp:comment_status>
		<wp:ping_status><![CDATA[closed]]></wp:ping_status>
		<wp:post_name><![CDATA[footer-1]]></wp:post_name>
		<wp:status><![CDATA[publish]]></wp:status>
		<wp:post_parent>0</wp:post_parent>
		<wp:menu_order>0</wp:menu_order>
		<wp:post_type><![CDATA[templatera]]></wp:post_type>
		<wp:post_password><![CDATA[]]></wp:post_password>
		<wp:is_sticky>0</wp:is_sticky>
														<wp:postmeta>
		<wp:meta_key><![CDATA[_edit_last]]></wp:meta_key>
		<wp:meta_value><![CDATA[1]]></wp:meta_value>
		</wp:postmeta>
							<wp:postmeta>
		<wp:meta_key><![CDATA[slide_template]]></wp:meta_key>
		<wp:meta_value><![CDATA[default]]></wp:meta_value>
		</wp:postmeta>
							<wp:postmeta>
		<wp:meta_key><![CDATA[_wpb_vc_js_status]]></wp:meta_key>
		<wp:meta_value><![CDATA[true]]></wp:meta_value>
		</wp:postmeta>
							</item>
					<item>
		<title>HeaderMobile</title>
		<link>http://demo.roadthemes.com/antomi/templatera/header1mobile/</link>
		<pubDate>Tue, 23 Apr 2019 08:27:47 +0000</pubDate>
		<dc:creator><![CDATA[admin]]></dc:creator>
		<guid isPermaLink="false">http://192.168.1.209/antomi/?post_type=templatera&#038;p=1130</guid>
		<description></description>
		<content:encoded><![CDATA[[vc_row equal_height="yes" css=".vc_custom_1552294632784{padding-top: 15px !important;padding-bottom: 15px !important;}"][vc_column width="1/4" offset="vc_col-lg-3 vc_col-md-3"][roadlogo logo_image="918" logo_width="217"][/vc_column][vc_column width="3/4" el_class="header-mobile-icon" offset="vc_col-lg-9 vc_col-md-9"][roadmobilemenu][roadproductssearchdropdown][roadwishlist][roadminicart][/vc_column][/vc_row]]]></content:encoded>
		<excerpt:encoded><![CDATA[]]></excerpt:encoded>
		<wp:post_id>1130</wp:post_id>
		<wp:post_date><![CDATA[2019-04-23 08:27:47]]></wp:post_date>
		<wp:post_date_gmt><![CDATA[2019-04-23 08:27:47]]></wp:post_date_gmt>
		<wp:comment_status><![CDATA[closed]]></wp:comment_status>
		<wp:ping_status><![CDATA[closed]]></wp:ping_status>
		<wp:post_name><![CDATA[header1mobile]]></wp:post_name>
		<wp:status><![CDATA[publish]]></wp:status>
		<wp:post_parent>0</wp:post_parent>
		<wp:menu_order>0</wp:menu_order>
		<wp:post_type><![CDATA[templatera]]></wp:post_type>
		<wp:post_password><![CDATA[]]></wp:post_password>
		<wp:is_sticky>0</wp:is_sticky>
														<wp:postmeta>
		<wp:meta_key><![CDATA[_edit_last]]></wp:meta_key>
		<wp:meta_value><![CDATA[1]]></wp:meta_value>
		</wp:postmeta>
							<wp:postmeta>
		<wp:meta_key><![CDATA[slide_template]]></wp:meta_key>
		<wp:meta_value><![CDATA[default]]></wp:meta_value>
		</wp:postmeta>
							<wp:postmeta>
		<wp:meta_key><![CDATA[_wpb_vc_js_status]]></wp:meta_key>
		<wp:meta_value><![CDATA[true]]></wp:meta_value>
		</wp:postmeta>
							<wp:postmeta>
		<wp:meta_key><![CDATA[_wpb_shortcodes_custom_css]]></wp:meta_key>
		<wp:meta_value><![CDATA[.vc_custom_1552294632784{padding-top: 15px !important;padding-bottom: 15px !important;}]]></wp:meta_value>
		</wp:postmeta>
							</item>
					<item>
		<title>Header2</title>
		<link>http://demo.roadthemes.com/antomi/templatera/header2/</link>
		<pubDate>Wed, 24 Apr 2019 01:53:23 +0000</pubDate>
		<dc:creator><![CDATA[admin]]></dc:creator>
		<guid isPermaLink="false">http://192.168.1.209/antomi/?post_type=templatera&#038;p=1156</guid>
		<description></description>
		<content:encoded><![CDATA[<p>[vc_row el_class="topbar"][vc_column el_class="topbar-left" offset="vc_col-lg-4 vc_col-md-12"][vc_column_text]Get free shipping  - Free 30 day money back guarantee[/vc_column_text][/vc_column][vc_column el_class="topbar-right" offset="vc_col-lg-8 vc_col-md-12"][vc_column_text]</p>
<ul>
<li><a href="http://demo.roadthemes.com/antomi/contact/">Store Locations</a></li>
<li><a href="#">Track Your Order</a></li>
<li>Hotline: (+800) 123 456 678</li>
<li>Quality Guarantee Of Products</li>
</ul>
<p>[/vc_column_text][/vc_column][/vc_row][vc_row equal_height="yes" css=".vc_custom_1557445108213{padding-top: 27px !important;padding-bottom: 27px !important;}" el_class="header-main"][vc_column offset="vc_col-lg-3 vc_col-md-12" el_class="column1"][roadlogo logo_image="918" logo_width="217"][/vc_column][vc_column offset="vc_col-lg-6 vc_col-md-12" el_class="column2"][roadmainmenu sticky_logoimage="296"][/vc_column][vc_column offset="vc_col-lg-3 vc_col-md-12" el_class="header-main-right column3"][roadwishlist][roadminicart][/vc_column][/vc_row][vc_row][vc_column offset="vc_col-lg-3 vc_col-md-4 vc_hidden-sm" el_class="column1"][roadcategoriesmenu][/vc_column][vc_column offset="vc_col-lg-6 vc_col-md-8" el_class="column2"][roadproductssearch][/vc_column][vc_column offset="vc_col-lg-3 vc_col-md-12" el_class="column3"][vc_column_text el_class="header-bigsale"]<a href="#">BIG SALE BLACK FRIDAY</a>[/vc_column_text][/vc_column][/vc_row]</p>
]]></content:encoded>
		<excerpt:encoded><![CDATA[]]></excerpt:encoded>
		<wp:post_id>1156</wp:post_id>
		<wp:post_date><![CDATA[2019-04-24 01:53:23]]></wp:post_date>
		<wp:post_date_gmt><![CDATA[2019-04-24 01:53:23]]></wp:post_date_gmt>
		<wp:comment_status><![CDATA[closed]]></wp:comment_status>
		<wp:ping_status><![CDATA[closed]]></wp:ping_status>
		<wp:post_name><![CDATA[header2]]></wp:post_name>
		<wp:status><![CDATA[publish]]></wp:status>
		<wp:post_parent>0</wp:post_parent>
		<wp:menu_order>0</wp:menu_order>
		<wp:post_type><![CDATA[templatera]]></wp:post_type>
		<wp:post_password><![CDATA[]]></wp:post_password>
		<wp:is_sticky>0</wp:is_sticky>
														<wp:postmeta>
		<wp:meta_key><![CDATA[_edit_last]]></wp:meta_key>
		<wp:meta_value><![CDATA[1]]></wp:meta_value>
		</wp:postmeta>
							<wp:postmeta>
		<wp:meta_key><![CDATA[slide_template]]></wp:meta_key>
		<wp:meta_value><![CDATA[default]]></wp:meta_value>
		</wp:postmeta>
							<wp:postmeta>
		<wp:meta_key><![CDATA[_wpb_vc_js_status]]></wp:meta_key>
		<wp:meta_value><![CDATA[true]]></wp:meta_value>
		</wp:postmeta>
							<wp:postmeta>
		<wp:meta_key><![CDATA[_wpb_shortcodes_custom_css]]></wp:meta_key>
		<wp:meta_value><![CDATA[.vc_custom_1557445108213{padding-top: 27px !important;padding-bottom: 27px !important;}]]></wp:meta_value>
		</wp:postmeta>
							</item>
					<item>
		<title>Header3</title>
		<link>http://demo.roadthemes.com/antomi/templatera/header3/</link>
		<pubDate>Wed, 24 Apr 2019 02:07:12 +0000</pubDate>
		<dc:creator><![CDATA[admin]]></dc:creator>
		<guid isPermaLink="false">http://192.168.1.209/antomi/?post_type=templatera&#038;p=1158</guid>
		<description></description>
		<content:encoded><![CDATA[<p>[vc_row el_class="topbar topbar-header3"][vc_column el_class="topbar-left" offset="vc_col-lg-4 vc_col-md-12"][vc_column_text]Get free shipping  - Free 30 day money back guarantee[/vc_column_text][/vc_column][vc_column el_class="topbar-right" offset="vc_col-lg-8 vc_col-md-12"][vc_column_text]</p>
<ul>
<li><a href="http://demo.roadthemes.com/antomi/contact/">Store Locations</a></li>
<li><a href="#">Track Your Order</a></li>
<li>Hotline: (+800) 123 456 678</li>
<li>Quality Guarantee Of Products</li>
</ul>
<p>[/vc_column_text][/vc_column][/vc_row][vc_row equal_height="yes" css=".vc_custom_1557445116937{padding-top: 27px !important;padding-bottom: 27px !important;}" el_class="header-main"][vc_column offset="vc_col-lg-3 vc_col-md-12" el_class="column1"][roadlogo logo_image="918" logo_width="217"][/vc_column][vc_column offset="vc_col-lg-6 vc_col-md-12" el_class="column2"][roadproductssearch style="style2"][/vc_column][vc_column offset="vc_col-lg-3 vc_col-md-12" el_class="header-main-right column3"][roadwishlist][roadminicart][/vc_column][/vc_row][vc_row el_class="header3-menu-wrapper"][vc_column offset="vc_col-lg-3 vc_col-md-4 vc_hidden-sm" el_class="column1"][roadcategoriesmenu style="style2"][/vc_column][vc_column offset="vc_col-lg-6 vc_col-md-8" el_class="column2"][roadmainmenu sticky_logoimage="296"][/vc_column][vc_column offset="vc_col-lg-3 vc_col-md-12" el_class="column3"][vc_column_text el_class="header-bigsale header3-bigsale"]<a href="#">BIG SALE BLACK FRIDAY</a>[/vc_column_text][/vc_column][/vc_row]</p>
]]></content:encoded>
		<excerpt:encoded><![CDATA[]]></excerpt:encoded>
		<wp:post_id>1158</wp:post_id>
		<wp:post_date><![CDATA[2019-04-24 02:07:12]]></wp:post_date>
		<wp:post_date_gmt><![CDATA[2019-04-24 02:07:12]]></wp:post_date_gmt>
		<wp:comment_status><![CDATA[closed]]></wp:comment_status>
		<wp:ping_status><![CDATA[closed]]></wp:ping_status>
		<wp:post_name><![CDATA[header3]]></wp:post_name>
		<wp:status><![CDATA[publish]]></wp:status>
		<wp:post_parent>0</wp:post_parent>
		<wp:menu_order>0</wp:menu_order>
		<wp:post_type><![CDATA[templatera]]></wp:post_type>
		<wp:post_password><![CDATA[]]></wp:post_password>
		<wp:is_sticky>0</wp:is_sticky>
														<wp:postmeta>
		<wp:meta_key><![CDATA[_edit_last]]></wp:meta_key>
		<wp:meta_value><![CDATA[1]]></wp:meta_value>
		</wp:postmeta>
							<wp:postmeta>
		<wp:meta_key><![CDATA[slide_template]]></wp:meta_key>
		<wp:meta_value><![CDATA[default]]></wp:meta_value>
		</wp:postmeta>
							<wp:postmeta>
		<wp:meta_key><![CDATA[_wpb_vc_js_status]]></wp:meta_key>
		<wp:meta_value><![CDATA[true]]></wp:meta_value>
		</wp:postmeta>
							<wp:postmeta>
		<wp:meta_key><![CDATA[_wpb_shortcodes_custom_css]]></wp:meta_key>
		<wp:meta_value><![CDATA[.vc_custom_1557445116937{padding-top: 27px !important;padding-bottom: 27px !important;}]]></wp:meta_value>
		</wp:postmeta>
							</item>
					<item>
		<title>HeaderSticky</title>
		<link>http://demo.roadthemes.com/antomi/templatera/headersticky/</link>
		<pubDate>Sat, 27 Apr 2019 02:22:36 +0000</pubDate>
		<dc:creator><![CDATA[admin]]></dc:creator>
		<guid isPermaLink="false">http://192.168.1.209/antomi/?post_type=templatera&#038;p=1237</guid>
		<description></description>
		<content:encoded><![CDATA[<p>[vc_row equal_height="yes"][vc_column width="1/4" offset="vc_col-lg-3 vc_col-md-2"][roadlogo logo_image="918" logo_width="217"][/vc_column][vc_column width="3/4" el_class="header-sticky-right" offset="vc_col-lg-9 vc_col-md-10"][roadstickymenu][roadwishlist][roadminicart][/vc_column][/vc_row]</p>
]]></content:encoded>
		<excerpt:encoded><![CDATA[]]></excerpt:encoded>
		<wp:post_id>1237</wp:post_id>
		<wp:post_date><![CDATA[2019-04-27 02:22:36]]></wp:post_date>
		<wp:post_date_gmt><![CDATA[2019-04-27 02:22:36]]></wp:post_date_gmt>
		<wp:comment_status><![CDATA[closed]]></wp:comment_status>
		<wp:ping_status><![CDATA[closed]]></wp:ping_status>
		<wp:post_name><![CDATA[headersticky]]></wp:post_name>
		<wp:status><![CDATA[publish]]></wp:status>
		<wp:post_parent>0</wp:post_parent>
		<wp:menu_order>0</wp:menu_order>
		<wp:post_type><![CDATA[templatera]]></wp:post_type>
		<wp:post_password><![CDATA[]]></wp:post_password>
		<wp:is_sticky>0</wp:is_sticky>
														<wp:postmeta>
		<wp:meta_key><![CDATA[_edit_last]]></wp:meta_key>
		<wp:meta_value><![CDATA[1]]></wp:meta_value>
		</wp:postmeta>
							<wp:postmeta>
		<wp:meta_key><![CDATA[slide_template]]></wp:meta_key>
		<wp:meta_value><![CDATA[default]]></wp:meta_value>
		</wp:postmeta>
							<wp:postmeta>
		<wp:meta_key><![CDATA[_wpb_vc_js_status]]></wp:meta_key>
		<wp:meta_value><![CDATA[true]]></wp:meta_value>
		</wp:postmeta>
							</item>
				</channel>
</rss>
	